{
  "dataset": "hf_dataset (real Yb-171)",
  "method": "Decoupled binary search on separable error: theta_H on p>0.5 half (min FP_H/2N_empty + FN_H/2N_atom), theta_L on p<0.5 half (min FP_L/2N_empty + FN_L/2N_atom)",
  "roi": 5,
  "sigma": 1.274,
  "bg": 784.0,
  "pairs": [
    {
      "l1_exp": "8ms",
      "l2_exp": "20ms",
      "snr_l1": 0.707,
      "theta_H": 0.866036,
      "theta_L": 0.0001,
      "precision_atom_decided": 0.822998,
      "precision_empty_decided": 0.0,
      "n_decided_atom": 3322,
      "n_decided_empty": 0,
      "l2_routing_pct": 96.6153,
      "Fidelity": 0.83015,
      "FAR": 0.125241,
      "MDR": 0.21446,
      "TP": 33845,
      "FP": 6896,
      "TN": 48166,
      "FN": 9240,
      "baseline_sym": {
        "Fidelity": 0.829879,
        "FAR": 0.116777,
        "MDR": 0.223465
      },
      "gain_pct": 0.027113
    },
    {
      "l1_exp": "10ms",
      "l2_exp": "20ms",
      "snr_l1": 1.029,
      "theta_H": 0.80536,
      "theta_L": 0.161487,
      "precision_atom_decided": 0.852734,
      "precision_empty_decided": 0.935927,
      "n_decided_atom": 12929,
      "n_decided_empty": 437,
      "l2_routing_pct": 86.3817,
      "Fidelity": 0.839309,
      "FAR": 0.141295,
      "MDR": 0.180086,
      "TP": 35326,
      "FP": 7780,
      "TN": 47282,
      "FN": 7759,
      "baseline_sym": {
        "Fidelity": 0.829884,
        "FAR": 0.116814,
        "MDR": 0.223419
      },
      "gain_pct": 0.942573
    },
    {
      "l1_exp": "20ms",
      "l2_exp": "40ms",
      "snr_l1": 1.796,
      "theta_H": 0.96487,
      "theta_L": 0.0001,
      "precision_atom_decided": 0.954106,
      "precision_empty_decided": 0.0,
      "n_decided_atom": 14882,
      "n_decided_empty": 0,
      "l2_routing_pct": 84.837,
      "Fidelity": 0.953912,
      "FAR": 0.043969,
      "MDR": 0.048207,
      "TP": 41008,
      "FP": 2421,
      "TN": 52641,
      "FN": 2077,
      "baseline_sym": {
        "Fidelity": 0.952859,
        "FAR": 0.035142,
        "MDR": 0.059139
      },
      "gain_pct": 0.105273
    },
    {
      "l1_exp": "40ms",
      "l2_exp": "80ms",
      "snr_l1": 3.074,
      "theta_H": 0.9999,
      "theta_L": 0.022619,
      "precision_atom_decided": 0.994312,
      "precision_empty_decided": 0.998162,
      "n_decided_atom": 19867,
      "n_decided_empty": 21768,
      "l2_routing_pct": 57.5789,
      "Fidelity": 0.995232,
      "FAR": 0.006774,
      "MDR": 0.002762,
      "TP": 42966,
      "FP": 373,
      "TN": 54689,
      "FN": 119,
      "baseline_sym": {
        "Fidelity": 0.994965,
        "FAR": 0.008191,
        "MDR": 0.00188
      },
      "gain_pct": 0.02673
    },
    {
      "l1_exp": "80ms",
      "l2_exp": "160ms",
      "snr_l1": 4.719,
      "theta_H": 0.9999,
      "theta_L": 0.032628,
      "precision_atom_decided": 0.999469,
      "precision_empty_decided": 0.999593,
      "n_decided_atom": 41436,
      "n_decided_empty": 51624,
      "l2_routing_pct": 5.183,
      "Fidelity": 0.999188,
      "FAR": 0.00109,
      "MDR": 0.000534,
      "TP": 43062,
      "FP": 60,
      "TN": 55002,
      "FN": 23,
      "baseline_sym": {
        "Fidelity": 0.99846,
        "FAR": 0.003033,
        "MDR": 4.6e-05
      },
      "gain_pct": 0.072793
    }
  ]
}