{
  "n_frames": 500,
  "n_sites": 400,
  "total_decisions": 200000,
  "TP": 46955,
  "FP": 0,
  "TN": 153045,
  "FN": 0,
  "FAR": 0.0,
  "MDR": 0.0,
  "Fidelity": 1.0,
  "L2_routing_rate": 0.0,
  "erasure_rate": 0.00225,
  "fps": 10.262583106681037,
  "ms_per_frame": 97.44135463799466,
  "mf_mu_atom": 1100.6485595703125,
  "mf_sig_atom": 13.991944313049316,
  "mf_mu_bg": 63.806793212890625,
  "mf_sig_bg": 10.454460144042969,
  "mf_snr": 84.82570663324012,
  "l1_theta_H": 0.92,
  "l1_theta_L": 0.08,
  "l1_exposure_ms": 5.09,
  "l2_exposure_ms": 18.0
}