{
  "dataset": "hf_dataset (real Yb-171 fluorescence, sCMOS Qbit-4610)",
  "n_train_frames": 801,
  "n_test_frames": 100,
  "n_sites": 1024,
  "roi_size": 5,
  "psf_sigma_px": 1.2739,
  "background_floor_adu": 784.0,
  "per_exp_calibration": {
    "8ms": {
      "mu_atom": 79.5541,
      "sg_atom": 11.6718,
      "mu_bg": 71.8378,
      "sg_bg": 10.1627,
      "snr": 0.7068
    },
    "10ms": {
      "mu_atom": 77.3649,
      "sg_atom": 11.3727,
      "mu_bg": 66.8098,
      "sg_bg": 9.5254,
      "snr": 1.0101
    },
    "20ms": {
      "mu_atom": 89.9776,
      "sg_atom": 14.2465,
      "mu_bg": 67.9827,
      "sg_bg": 10.2606,
      "snr": 1.795
    },
    "40ms": {
      "mu_atom": 118.2999,
      "sg_atom": 19.6698,
      "mu_bg": 71.1551,
      "sg_bg": 11.0093,
      "snr": 3.0734
    },
    "80ms": {
      "mu_atom": 176.2883,
      "sg_atom": 32.2835,
      "mu_bg": 75.7793,
      "sg_bg": 11.0338,
      "snr": 4.6406
    },
    "160ms": {
      "mu_atom": 300.0121,
      "sg_atom": 58.3095,
      "mu_bg": 87.8295,
      "sg_bg": 14.4137,
      "snr": 5.8353
    }
  },
  "single_frame_mf": {
    "8ms": {
      "TP": 23930,
      "FP": 15526,
      "TN": 39536,
      "FN": 19155,
      "FAR": 0.281973,
      "MDR": 0.444586,
      "Fidelity": 0.63672,
      "fps": 164.1,
      "exp": "8ms"
    },
    "10ms": {
      "TP": 27100,
      "FP": 12458,
      "TN": 42604,
      "FN": 15985,
      "FAR": 0.226254,
      "MDR": 0.371011,
      "Fidelity": 0.701368,
      "fps": 159.9,
      "exp": "10ms"
    },
    "20ms": {
      "TP": 33362,
      "FP": 6334,
      "TN": 48728,
      "FN": 9723,
      "FAR": 0.115034,
      "MDR": 0.22567,
      "Fidelity": 0.829648,
      "fps": 165.6,
      "exp": "20ms"
    },
    "40ms": {
      "TP": 40327,
      "FP": 1719,
      "TN": 53343,
      "FN": 2758,
      "FAR": 0.031219,
      "MDR": 0.064013,
      "Fidelity": 0.952384,
      "fps": 156.5,
      "exp": "40ms"
    },
    "80ms": {
      "TP": 42982,
      "FP": 336,
      "TN": 54726,
      "FN": 103,
      "FAR": 0.006102,
      "MDR": 0.002391,
      "Fidelity": 0.995754,
      "fps": 91.4,
      "exp": "80ms"
    },
    "160ms": {
      "TP": 43080,
      "FP": 132,
      "TN": 54930,
      "FN": 5,
      "FAR": 0.002397,
      "MDR": 0.000116,
      "Fidelity": 0.998743,
      "fps": 92.2,
      "exp": "160ms"
    }
  },
  "two_layer_A_8ms_40ms": {
    "TP": 40541,
    "FP": 2992,
    "TN": 52070,
    "FN": 2544,
    "FAR": 0.054339,
    "MDR": 0.059046,
    "Fidelity": 0.943308,
    "L2_routing_pct": 97.3509,
    "fps": 46.0,
    "theta_H": 0.8,
    "theta_L": 0.2
  },
  "two_layer_B_40ms_160ms": {
    "TP": 42568,
    "FP": 568,
    "TN": 54494,
    "FN": 517,
    "FAR": 0.010316,
    "MDR": 0.012,
    "Fidelity": 0.988842,
    "L2_routing_pct": 16.5201,
    "fps": 45.4,
    "theta_H": 0.9,
    "theta_L": 0.1
  }
}