{
  "dataset": "hf_dataset (real Yb-171 fluorescence, sCMOS Qbit-4610)",
  "roi_size": 5,
  "psf_sigma_px": 1.274,
  "background_adu": 784.0,
  "conf_threshold": 0.9,
  "description": "L1 and L2 have a 2x exposure ratio. Each MF model is independently calibrated on its own exposure training data (801 frames). A site is routed to L2 when L1 confidence = max(p,1-p) < 0.9.",
  "per_exp_snr": {
    "8ms": 0.707,
    "10ms": 1.029,
    "20ms": 1.796,
    "40ms": 3.074,
    "80ms": 4.719,
    "160ms": 5.859
  },
  "pairs": [
    {
      "l1_exp": "8ms",
      "l2_exp": "20ms",
      "mf_snr_l1": 0.707,
      "mf_snr_l2": 1.796,
      "l1_single": {
        "Fidelity": 0.636711,
        "FAR": 0.281991,
        "MDR": 0.444586,
        "TP": 23930,
        "FP": 15527,
        "TN": 39535,
        "FN": 19155
      },
      "l2_routing_pct": 97.8746,
      "two_layer": {
        "Fidelity": 0.829931,
        "FAR": 0.121826,
        "MDR": 0.218313,
        "TP": 33679,
        "FP": 6708,
        "TN": 48354,
        "FN": 9406
      },
      "fidelity_gain_pct": 19.321928,
      "conf_threshold": 0.9,
      "note": "2\u00d7\u22482.5\u00d7 proxy"
    },
    {
      "l1_exp": "10ms",
      "l2_exp": "20ms",
      "mf_snr_l1": 1.029,
      "mf_snr_l2": 1.796,
      "l1_single": {
        "Fidelity": 0.701417,
        "FAR": 0.232284,
        "MDR": 0.364883,
        "TP": 27364,
        "FP": 12790,
        "TN": 42272,
        "FN": 15721
      },
      "l2_routing_pct": 93.1226,
      "two_layer": {
        "Fidelity": 0.836418,
        "FAR": 0.125168,
        "MDR": 0.201996,
        "TP": 34382,
        "FP": 6892,
        "TN": 48170,
        "FN": 8703
      },
      "fidelity_gain_pct": 13.500147,
      "conf_threshold": 0.9,
      "note": ""
    },
    {
      "l1_exp": "20ms",
      "l2_exp": "40ms",
      "mf_snr_l1": 1.796,
      "mf_snr_l2": 3.074,
      "l1_single": {
        "Fidelity": 0.829879,
        "FAR": 0.116777,
        "MDR": 0.223465,
        "TP": 33457,
        "FP": 6430,
        "TN": 48632,
        "FN": 9628
      },
      "l2_routing_pct": 64.759,
      "two_layer": {
        "Fidelity": 0.949585,
        "FAR": 0.048073,
        "MDR": 0.052756,
        "TP": 40812,
        "FP": 2647,
        "TN": 52415,
        "FN": 2273
      },
      "fidelity_gain_pct": 11.970672,
      "conf_threshold": 0.9,
      "note": ""
    },
    {
      "l1_exp": "40ms",
      "l2_exp": "80ms",
      "mf_snr_l1": 3.074,
      "mf_snr_l2": 4.719,
      "l1_single": {
        "Fidelity": 0.953069,
        "FAR": 0.03398,
        "MDR": 0.059882,
        "TP": 40505,
        "FP": 1871,
        "TN": 53191,
        "FN": 2580
      },
      "l2_routing_pct": 15.7886,
      "two_layer": {
        "Fidelity": 0.987885,
        "FAR": 0.012114,
        "MDR": 0.012116,
        "TP": 42563,
        "FP": 667,
        "TN": 54395,
        "FN": 522
      },
      "fidelity_gain_pct": 3.481615,
      "conf_threshold": 0.9,
      "note": ""
    },
    {
      "l1_exp": "80ms",
      "l2_exp": "160ms",
      "mf_snr_l1": 4.719,
      "mf_snr_l2": 5.859,
      "l1_single": {
        "Fidelity": 0.995738,
        "FAR": 0.006157,
        "MDR": 0.002367,
        "TP": 42983,
        "FP": 339,
        "TN": 54723,
        "FN": 102
      },
      "l2_routing_pct": 1.5966,
      "two_layer": {
        "Fidelity": 0.998407,
        "FAR": 0.002234,
        "MDR": 0.000952,
        "TP": 43044,
        "FP": 123,
        "TN": 54939,
        "FN": 41
      },
      "fidelity_gain_pct": 0.266933,
      "conf_threshold": 0.9,
      "note": ""
    }
  ]
}